{"cameraMode":{"drawMode":0,"name":"Shaded","section":"Shading Mode"},"sceneLighting":false,"audioPlay":false,"sceneViewState":{"showFog":true,"showMaterialUpdate":false,"showSkybox":true,"showFlares":true,"showImageEffects":true,"showParticleSystems":true},"in2DMode":false,"pivot":{"x":45.07500076293945,"y":22.723501205444337,"z":110.00299835205078},"rotation":{"x":-0.15771691501140595,"y":-0.17030873894691468,"z":0.027626631781458856,"w":-0.9722945690155029},"size":40.61489486694336,"orthographic":false}